{"assets/map-test.db":["assets/map-test.db"],"packages/cupertino_icons/assets/CupertinoIcons.ttf":["packages/cupertino_icons/assets/CupertinoIcons.ttf"],"packages/flutter_map/lib/assets/flutter_map_logo.png":["packages/flutter_map/lib/assets/flutter_map_logo.png"],"packages/map_launcher/assets/icons/amap.svg":["packages/map_launcher/assets/icons/amap.svg"],"packages/map_launcher/assets/icons/apple.svg":["packages/map_launcher/assets/icons/apple.svg"],"packages/map_launcher/assets/icons/baidu.svg":["packages/map_launcher/assets/icons/baidu.svg"],"packages/map_launcher/assets/icons/citymapper.svg":["packages/map_launcher/assets/icons/citymapper.svg"],"packages/map_launcher/assets/icons/copilot.svg":["packages/map_launcher/assets/icons/copilot.svg"],"packages/map_launcher/assets/icons/doubleGis.svg":["packages/map_launcher/assets/icons/doubleGis.svg"],"packages/map_launcher/assets/icons/flitsmeister.svg":["packages/map_launcher/assets/icons/flitsmeister.svg"],"packages/map_launcher/assets/icons/google.svg":["packages/map_launcher/assets/icons/google.svg"],"packages/map_launcher/assets/icons/googleGo.svg":["packages/map_launcher/assets/icons/googleGo.svg"],"packages/map_launcher/assets/icons/here.svg":["packages/map_launcher/assets/icons/here.svg"],"packages/map_launcher/assets/icons/kakao.svg":["packages/map_launcher/assets/icons/kakao.svg"],"packages/map_launcher/assets/icons/mapswithme.svg":["packages/map_launcher/assets/icons/mapswithme.svg"],"packages/map_launcher/assets/icons/naver.svg":["packages/map_launcher/assets/icons/naver.svg"],"packages/map_launcher/assets/icons/osmand.svg":["packages/map_launcher/assets/icons/osmand.svg"],"packages/map_launcher/assets/icons/osmandplus.svg":["packages/map_launcher/assets/icons/osmandplus.svg"],"packages/map_launcher/assets/icons/petal.svg":["packages/map_launcher/assets/icons/petal.svg"],"packages/map_launcher/assets/icons/sygicTruck.svg":["packages/map_launcher/assets/icons/sygicTruck.svg"],"packages/map_launcher/assets/icons/tencent.svg":["packages/map_launcher/assets/icons/tencent.svg"],"packages/map_launcher/assets/icons/tmap.svg":["packages/map_launcher/assets/icons/tmap.svg"],"packages/map_launcher/assets/icons/tomtomgo.svg":["packages/map_launcher/assets/icons/tomtomgo.svg"],"packages/map_launcher/assets/icons/tomtomgofleet.svg":["packages/map_launcher/assets/icons/tomtomgofleet.svg"],"packages/map_launcher/assets/icons/truckmeister.svg":["packages/map_launcher/assets/icons/truckmeister.svg"],"packages/map_launcher/assets/icons/waze.svg":["packages/map_launcher/assets/icons/waze.svg"],"packages/map_launcher/assets/icons/yandexMaps.svg":["packages/map_launcher/assets/icons/yandexMaps.svg"],"packages/map_launcher/assets/icons/yandexNavi.svg":["packages/map_launcher/assets/icons/yandexNavi.svg"]}